Dorey Berling,ABD-1243,Truck Xtracab SR5,2018-08-22
Dorey Berling,ABC-1000,Wrangler,2018-06-18
Ofelia Manhood,ABN-2133,Aurora,2018-06-18
Mag Luca,WSE-2921,Ram Van 1500,2019-08-19
Etienne Winscum,FJD-2312,Wrangler,2019-06-24
Clemmy Skellion,ABS-3823,Sportvan G30,2019-08-14
Sergio Camier,JSI-3383,GTO,2018-03-30
Annabel Huglin,HHH-1233,Escape,2019-08-01
Moises Gaenor,IAJ-2948,BRZ,2019-02-10
Jobi Kenson,HJJ-3939,Familia,2019-02-17
Justinn Tiltman,EWR-3233,Neon,2018-03-15
Aurie Jeary,PLO-9299,B-Series Plus,2019-02-21
Templeton Pickthorne,OSI-0009,Raider,2018-03-19
Angelia Tolussi,UFI-2344,Savana 3500,2018-08-25
Remy MacAnespie,FGG-3322,Tiburon,2019-02-21
Gloriane Macey,OKI-3948,X3,2018-08-16
Hulda Dron,IIU-2931,Colorado,2019-08-08
Bebe Waddilow,PPP-2456,Acadia,2018-02-25
Cammie Casewell,RIR-2929,Silverado 2500,2019-12-21
Alisha Capelle,OIU-0938,F150,2017-12-27
